r2,y_random,k,k_dash,r2r0,r2r0_dash,r0r0_dash,rm2_bar,d_rm2
0.6229419622085567,0.5859103473874515,1.1158583605876609,0.8287363983742501,0.6063079950035211,0.017721212987473242,0.3666554049190969,0.39879600812584376,0.3173893607743935
0.7016005914193545,0.5859103473874515,1.048975270692943,0.8650252775032194,0.16234032725469516,0.0012469611368184637,0.11302320094203688,0.5728337091460596,0.21602962883234095
