r2,k,k_dash,r2r0,r2r0_dash,r0r0_dash,rm2_bar,d_rm2
0.7076047022843173,1.0911783831204547,0.8594857072545447,0.4677232279345893,0.0353770280514062,0.3059302040520957,0.44808642386719433,0.2951248842503153
0.7345527883266377,0.9905983190899268,0.9362214636158579,0.07852432394201252,0.00046980301577056907,0.05733516598787092,0.639522266026322,0.16276985835323143
