r2,k,k_dash,r2r0,r2r0_dash,r0r0_dash,rm2_bar,d_rm2
0.7059344333551393,1.1453129037849148,0.7822774656876569,1.0617959600408338,0.11632880079342225,0.6674378233192146,0.2991972059059721,0.4088797728168195
0.7330112362719137,1.0364186237981148,0.8881689333244537,0.11852177635830972,0.0008380295407355787,0.0862635087438609,0.6158998022474109,0.19788783098457452
