r2,q2,k,k_dash,r2r0,r2r0_dash,r0r0_dash,rm2_bar,d_rm2,y_random
0.6873122031689449,0.6251942744290309,1.216075397307522,0.7431073478824859,0.9507783180752919,0.09063511528993026,0.5911869197471995,0.32373402930899065,0.3840653493514375,0.6132192805749674
0.5975471886932334,0.6251942744290309,1.0243312512785576,0.8354175364575882,0.4012586526252207,0.003272590781337452,0.23781545239390378,0.4380363001484142,0.26617309540726314,0.6132192805749674
