r2,k,k_dash,r2r0,r2r0_dash,r0r0_dash,rm2_bar,d_rm2
0.8426969659026217,1.0444525890596086,0.9269644716081756,0.1921874235921059,0.03559461840068048,0.13196028181699448,0.6001564351475261,0.19318427643265157
0.634547222643945,0.8847776838391903,1.036497255117716,0.005912360042340759,0.1589274294312906,0.09709528730342865,0.5143592217684709,0.16264283625696463
