r2,k,k_dash,r2r0,r2r0_dash,r0r0_dash,rm2_bar,d_rm2
0.7643123864061859,1.0691469801170563,0.8819860577304574,0.44001750160065456,0.05613982698300438,0.29340246157507355,0.463530062042389,0.28492020093760023
0.7202314610139324,0.9660074652118008,0.9627510556334203,0.0440972007299666,0.01087799784001399,0.023925515031148814,0.624178656948054,0.06460489551111714
