r2,k,k_dash,r2r0,r2r0_dash,r0r0_dash,rm2_bar,d_rm2
0.6943758518556787,1.3228595337646576,0.7008182195686747,0.6881892979273178,0.05905791612312712,0.4368536391694251,0.3840659010550242,0.3393903407992652
0.7115627628327241,1.1551220143220886,0.8237735991878543,0.2003739284959191,0.0028887686949729415,0.14052308592642326,0.5610907498251201,0.23642226692533053
