r2,k,k_dash,r2r0,r2r0_dash,r0r0_dash,rm2_bar,d_rm2
0.7035072383325214,1.1386401607863483,0.7940354995251382,1.0429687376074195,0.11058559427701978,0.6559382902321649,0.30408873325637575,0.40638900211567414
0.6318383557158481,1.2803133768409818,0.718401592218289,0.5470124856187335,0.016565170685850485,0.33515695926107947,0.4137898451880856,0.30681535728902215
