r2,k,k_dash,r2r0,r2r0_dash,r0r0_dash,rm2_bar,d_rm2
0.7721990153342675,1.0654579286204087,0.9014806573559793,0.2547781596687057,0.024667255955496074,0.17769141326501892,0.547655971538727,0.23593660585089327
0.8075623810197244,1.0505633479183107,0.9284098097610066,0.033263635190601416,0.0011511391205915249,0.025932843786783732,0.7290724339913676,0.1077353611895866
