r2,q2,k,k_dash,r2r0,r2r0_dash,r0r0_dash,rm2_bar,d_rm2,y_random
0.5739878170832433,0.4387428605315724,1.1868480962482677,0.7647663800722257,0.8713894232283332,0.02039588331847186,0.48845992432480323,0.33996620108532594,0.3438336023325224,0.5331637746831275
0.7320198077626915,0.4387428605315724,0.9971316213428566,0.9321197154188017,0.0630102329091587,0.0025426551502511913,0.04426346464695108,0.6376224893940861,0.12563233090306203,0.5331637746831275
