r2,q2,k,k_dash,r2r0,r2r0_dash,r0r0_dash,rm2_bar,d_rm2,y_random
0.5453748731873411,0.4730501877556599,1.2038303772179282,0.7249615690133625,1.5070710166794918,0.05420988433191554,0.7923539558128763,0.2512702348546529,0.40066149851713107,0.4895151085988031
0.6231955288176998,0.4730501877556599,1.0895938222035992,0.805638564951772,0.2682047337490531,0.0001871487418289618,0.16702736062101986,0.4924391289182956,0.24805233846822905,0.4895151085988031
