r2,q2,k,k_dash,r2r0,r2r0_dash,r0r0_dash,rm2_bar,d_rm2,y_random
0.8530188928519409,0.5070679222491306,0.9877137512584934,0.9960597108491419,0.017924263615271534,0.0006389281111674536,0.014744717754285208,0.790323162088538,0.08556295983099127,0.6451427297002189
0.6342677892530351,0.5070679222491306,0.9132860106128606,1.0048661875546985,0.0008376578756195495,0.2163750917946615,0.13670845171310286,0.5094728199514666,0.22035027857608058,0.6451427297002189
