r2,q2,k,k_dash,r2r0,r2r0_dash,r0r0_dash,rm2_bar,d_rm2,y_random
0.705819748977505,0.5325094374541989,1.1309669454007072,0.7973406865436765,0.9791917426735929,0.1057022434319769,0.616526139089204,0.31603561283377285,0.3939897746039271,0.5785411671091432
0.6727331059313356,0.5325094374541989,0.979691298747949,0.9445846343532363,0.0072018891887427544,0.09962295145680225,0.06217470827306504,0.5622409916734509,0.12733215150846516,0.5785411671091432
