r2,q2,k,k_dash,r2r0,r2r0_dash,r0r0_dash,rm2_bar,d_rm2,y_random
0.533146013392375,0.46011714262514325,1.0636940213690649,0.8494180099541049,0.9394369166996366,0.009209967452270495,0.4959467895413844,0.3258093209190631,0.33995485951073845,0.5331637746831275
0.7385260188974645,0.46011714262514325,0.9204699340078437,1.0205089601469675,0.011575002868461566,0.03344430492075038,0.01615104858074301,0.6463511439506984,0.0477847998937615,0.5331637746831275
