r2,q2,k,k_dash,r2r0,r2r0_dash,r0r0_dash,rm2_bar,d_rm2,y_random
0.7913864057599065,0.6432994628015007,0.9417810680139825,1.0396918789256677,0.0005000257543489703,0.04961567367059516,0.038869456071007114,0.7051067059372643,0.1410740108011863,0.6557569780833873
0.6007702989496229,0.6432994628015007,0.9577531670632641,0.929587197368519,0.14828555025073284,0.016962929633335243,0.07889473004716185,0.48078996826365383,0.1186656033552082,0.6557569780833873
