r2,q2,k,k_dash,r2r0,r2r0_dash,r0r0_dash,rm2_bar,d_rm2,y_random
0.43619318808201035,0.3602229836904297,0.9288615229690023,1.0076519351268425,0.17982802646038257,0.3098188009354274,0.05670109033951942,0.29493506089583266,0.03818613720272701,0.48429910868680903
0.6881393711348882,0.3602229836904297,0.9658230441568216,0.9583963664629828,0.027876571077170988,0.03827083488605167,0.007152702160853286,0.5846482795101615,0.016364019571968313,0.48429910868680903
